Name,ReadCount,Deletions,Insertions,Mutagenesis,orientation,PAM context,overallGC%,Sequence (5' -> 3'),MeltingTemp(degC),Purine/Pyrimidine,[A]%,[T]%,PAMDN-G,PAMDN-C,[G]%,[C]%
5HTR7.2,8131,10356,1655,59.63161553,NGG,TGGT,47.36842105,TGATCTGGCAATCACAGCA,51.22715329,1.111111111,31.57894737,21.05263158,15.78947368,15.78947368,21.05263158,26.31578947
RHO.1,1200,1488,194,58.36224844,NGG,CGGT,52.63157895,TAGTTGGGGATGGTGGATG,50.17031112,2.166666667,15.78947368,31.57894737,36.84210526,0,52.63157895,0
5HTR7.1,759,944,109,58.11258278,CCN,CGGC,42.10526316,AACTCCTGAGTTCTTGAGA,46.7121668,0.9,26.31578947,31.57894737,10.52631579,21.05263158,21.05263158,21.05263158
DDR.4,453,390,11,46.95550351,NGG,TGGT,63.15789474,CATCCACTGGTGCAGGGGT,55.97652343,1.111111111,15.78947368,21.05263158,15.78947368,26.31578947,36.84210526,26.31578947
NK4.2,22268,15997,2972,45.9999515,NGG,GGGT,36.84210526,AATCAGTTACTCAAGTCAC,43.97034334,0.9,36.84210526,26.31578947,5.263157895,15.78947368,10.52631579,26.31578947
5HTR7.3,587,431,30,43.98854962,NGG,TGGA,52.63157895,ACACAGAAAGACACTGGGG,51.07587262,2.8,42.10526316,5.263157895,10.52631579,21.05263158,31.57894737,21.05263158
ISL.2 (SA1),1340,868,182,43.93305439,CCN,AGGA,63.15789474,GATGCGGCAGGGGTCTGTA,55.8977818,1.714285714,15.78947368,21.05263158,42.10526316,10.52631579,47.36842105,15.78947368
TCF.2,896,565,127,43.5768262,CCN,TGGG,52.63157895,CGTAAGATTGTCGCCTGTG,50.92450342,0.9,15.78947368,31.57894737,21.05263158,15.78947368,31.57894737,21.05263158
GATA.1,1973,1462,40,43.22302158,CCN,AGGG,52.63157895,CTACGGTAGGGGTAGTAGT,48.05912912,1.714285714,21.05263158,26.31578947,31.57894737,10.52631579,42.10526316,10.52631579
DDR.2,1496,1014,87,42.39507124,CCN,AGGT,52.63157895,CAATGCTATCCATTGGGGC,50.64524435,0.9,21.05263158,26.31578947,5.263157895,21.05263158,26.31578947,26.31578947
RHO.3,14138,7149,2558,40.70874397,NGG,GGGT,47.36842105,TAACATTGTGGGATACGGC,49.25035186,1.375,26.31578947,26.31578947,21.05263158,5.263157895,31.57894737,15.78947368
GATA.3,17895,11297,973,40.67628046,NGG,CGGT,57.89473684,AGAAGTCCGGACGGAAACC,53.56358735,2.166666667,36.84210526,5.263157895,31.57894737,15.78947368,31.57894737,26.31578947
FGF8.1 (EX2),2345,1292,262,39.85637343,NGG,GGGT,63.15789474,CTCGGAGACATAGCCAGCG,54.37155657,1.375,26.31578947,10.52631579,21.05263158,21.05263158,31.57894737,31.57894737
GRO.3,18273,10557,1174,39.09812025,CCN,GGGG,68.42105263,GGAGGGAGTCCTGGAGGGT,55.88353433,2.8,15.78947368,15.78947368,42.10526316,10.52631579,57.89473684,10.52631579
FOXF.4,3563,1903,354,38.78006873,CCN,CGGA,42.10526316,GTATATATAAGGGGCTCAG,42.63788481,1.714285714,31.57894737,26.31578947,26.31578947,0,31.57894737,10.52631579
ETS.3,0,0,0,38.2950576,NGG,TGGC,52.63157895,GAGTGGTCCAATCCAACTG,49.79958597,1.111111111,26.31578947,21.05263158,21.05263158,21.05263158,26.31578947,26.31578947
TRPS.2,3385,1841,246,38.13961988,CCN,CGGA,42.10526316,GTTGAGACTGAGATTGTGA,46.22826258,1.714285714,26.31578947,31.57894737,26.31578947,5.263157895,36.84210526,5.263157895
BMP.4,12633,5009,2677,37.8266647,NGG,AGGC,57.89473684,GAGCTTCTCCTGCATCGAG,52.0921938,0.727272727,15.78947368,26.31578947,15.78947368,26.31578947,26.31578947,31.57894737
NK4.3,1944,989,192,37.792,CCN,TGGA,52.63157895,AACCAGATCTTGACCTGGG,50.44437528,1.111111111,26.31578947,21.05263158,10.52631579,21.05263158,26.31578947,26.31578947
FGF4.1,4087,1943,510,37.50764526,CCN,CGGT,52.63157895,CCCGCAATTCAGTACCTGT,51.69338647,0.583333333,21.05263158,26.31578947,10.52631579,26.31578947,15.78947368,36.84210526
COE.3,579,317,27,37.26977248,NGG,WGGA,57.89473684,CTGAGGGTTGGACAACAGG,51.90382009,2.166666667,26.31578947,15.78947368,31.57894737,10.52631579,42.10526316,15.78947368
EPH.3,2329,1208,166,37.10504996,CCN,TGGA,47.36842105,AATTGGGGACACATTGTCC,49.52344784,1.111111111,26.31578947,26.31578947,21.05263158,10.52631579,26.31578947,21.05263158
5HTR7.4,656,350,17,35.87487781,CCN,GGGT,57.89473684,AAGCAAAGGGGGACTCCCT,54.39057748,1.714285714,31.57894737,10.52631579,31.57894737,10.52631579,31.57894737,26.31578947
HAND.1,118,65,0,35.51912568,CCN,TGGG,47.36842105,TTTGTATCCGACGGTACGT,50.52626935,0.727272727,15.78947368,36.84210526,21.05263158,15.78947368,26.31578947,21.05263158
GATA.4,1089,551,46,35.40925267,CCN,AGGC,63.15789474,CGTAGAGGCTGACGTCACG,54.68959998,1.375,21.05263158,15.78947368,31.57894737,15.78947368,36.84210526,26.31578947
EPH.2,595,268,52,34.9726776,CCN,TGGA,52.63157895,GGCTGCAATCGTATCAACC,51.1669072,0.9,26.31578947,21.05263158,21.05263158,15.78947368,21.05263158,31.57894737
MRF.2,15845,6683,1067,32.84594194,NGG,TGGA,52.63157895,GACGAACTGAAGAGATGCG,50.66609636,2.8,36.84210526,10.52631579,26.31578947,10.52631579,36.84210526,15.78947368
DDR.5,1423,557,138,32.81397545,NGG,TGGT,47.36842105,TGAGCCTTATGTCTCTGCA,49.9010521,0.583333333,15.78947368,36.84210526,15.78947368,15.78947368,21.05263158,26.31578947
MRF.3,3736,1647,161,32.61183261,CCN,CGGT,63.15789474,TAGTGTTGCCGCCCTCCGT,57.96390398,0.461538462,5.263157895,31.57894737,21.05263158,26.31578947,26.31578947,36.84210526
FGF8.2 (SD4),4260,1654,279,31.21265945,NGG,TGGG,52.63157895,GGACGACTAGTTGGAAAGG,49.28754927,2.8,31.57894737,15.78947368,31.57894737,10.52631579,42.10526316,10.52631579
HAND.2,14191,6022,347,30.97762646,CCN,CGGA,63.15789474,CCCGTACAGTCGCCGGTAT,55.7498785,0.727272727,15.78947368,21.05263158,15.78947368,36.84210526,26.31578947,36.84210526
FGFR.2,1214,495,35,30.38990826,NGG,TGGT,47.36842105,CAAACGGAGCACCAAAAAG,49.96521087,2.8,52.63157895,0,15.78947368,26.31578947,21.05263158,26.31578947
TCF.1,2480,834,233,30.08175923,NGG,CGGA,36.84210526,AGAATGCCTCAGTTAAACT,45.52472151,1.111111111,36.84210526,26.31578947,15.78947368,15.78947368,15.78947368,21.05263158
FZ.3,23440,8820,1033,29.59480972,NGG,TGGA,52.63157895,ACACCCCGATCTGTATACC,49.77674067,0.583333333,26.31578947,21.05263158,10.52631579,31.57894737,10.52631579,42.10526316
FOXF.1,1717,686,17,29.04958678,CCN,CGGC,68.42105263,CCATTCGCTGCGACCGCTG,58.99054448,0.583333333,10.52631579,21.05263158,15.78947368,31.57894737,26.31578947,42.10526316
FOXF.3,3670,1174,303,28.69632796,NGG,AGGT,52.63157895,ACAGCCACCTCGCTTATGA,52.88678129,0.727272727,26.31578947,21.05263158,10.52631579,36.84210526,15.78947368,36.84210526
TOL.1,396,132,18,27.47252747,CCN,TGGG,68.42105263,CACCGATTGGGGACCGGGT,58.32155916,1.375,15.78947368,15.78947368,26.31578947,21.05263158,42.10526316,26.31578947
GRO.1,4238,1127,443,27.03168044,CCN,AGGT,42.10526316,TAGACTTACCTCTTGTGAC,44.82694251,0.583333333,21.05263158,36.84210526,5.263157895,21.05263158,15.78947368,26.31578947
GRO.2,2898,880,155,26.31578947,NGG,YGGT,63.15789474,ACCCGACAGCTCCCATACC,55.17982202,0.583333333,26.31578947,10.52631579,10.52631579,42.10526316,10.52631579,52.63157895
BMP.2,6031,1678,323,24.91284861,NGG,AGGT,42.10526316,CTAGAAGTTATCACCACGA,45.41288742,1.111111111,36.84210526,21.05263158,10.52631579,15.78947368,15.78947368,26.31578947
COE.1,696,200,27,24.59371614,CCN,TGGC,57.89473684,TACGACAGACAAGGGCAGC,53.97780429,2.166666667,36.84210526,5.263157895,21.05263158,15.78947368,31.57894737,26.31578947
FGFR.4,4631,1179,307,24.29295406,CCN,TGGT,36.84210526,TACATCCAGTTCGTAAGTA,44.15177573,0.9,31.57894737,31.57894737,10.52631579,21.05263158,15.78947368,21.05263158
FGFR.1,917,239,53,24.15219189,CCN,TGGG,47.36842105,CAACACACGTCTTACCTTC,48.16133931,0.461538462,26.31578947,26.31578947,5.263157895,26.31578947,5.263157895,42.10526316
FZ.2,3007,884,57,23.83485309,CCN,TGGA,47.36842105,CTTAGTCAAAGGGCCGAAT,49.12010933,1.375,31.57894737,21.05263158,21.05263158,15.78947368,26.31578947,21.05263158
NGN.1,1877,416,163,23.57491857,CCN,AGGT,42.10526316,CTTACCATTACGTCTTGTG,45.4056006,0.461538462,15.78947368,42.10526316,5.263157895,26.31578947,15.78947368,26.31578947
EPH.1,1174,300,54,23.16753927,NGG,GGGT,36.84210526,ATTCACGATAAGGTAAGAC,43.5261972,1.714285714,42.10526316,21.05263158,15.78947368,10.52631579,21.05263158,15.78947368
HAND.4,1711,427,86,23.06654676,CCN,TGGT,36.84210526,TACTTCGGTGTAAGTCAAT,45.08119113,0.9,26.31578947,36.84210526,21.05263158,10.52631579,21.05263158,15.78947368
RHO.2,2914,788,53,22.39680426,NGG,CGGT,52.63157895,TCAAAGGTGTACACGCCCA,53.3425728,1.111111111,31.57894737,15.78947368,15.78947368,15.78947368,21.05263158,31.57894737
HANDR.2,29067,6376,1802,21.95730971,NGG,GGGT,57.89473684,AACATTGGGAGGGTAGCGG,53.53444816,2.8,26.31578947,15.78947368,31.57894737,5.263157895,47.36842105,10.52631579
FGF4.3,45712,10020,1874,20.64715481,NGG,TGGT,47.36842105,CATCTCGGTGGACAATATG,47.33035726,1.111111111,26.31578947,26.31578947,21.05263158,21.05263158,26.31578947,21.05263158
FGF4.2,0,0,0,19.59065764,CCN,GGGC,42.10526316,AGTCTTTATTCCGTAGCTC,45.77572378,0.461538462,15.78947368,42.10526316,10.52631579,15.78947368,15.78947368,26.31578947
FZ.4,374,73,12,18.51851852,NGG,TGGT,47.36842105,GGTCATTCTGTCACTGACT,48.38823036,0.583333333,15.78947368,36.84210526,15.78947368,21.05263158,21.05263158,26.31578947
FOXF.2,22597,4342,488,17.61038393,NGG,AGGA,63.15789474,ACTCTGCCCATCCCGCCAA,57.92330487,0.461538462,21.05263158,15.78947368,5.263157895,42.10526316,10.52631579,52.63157895
MRF.1,1828,287,48,15.4877485,CCN,TGGT,52.63157895,ATGGGGTTTGTGGCGTAAC,52.58416981,1.375,15.78947368,31.57894737,36.84210526,5.263157895,42.10526316,10.52631579
FZ.1,3077,459,88,15.09381898,CCN,TGGG,52.63157895,TGCGAATGCACTTACCGAC,52.93538647,0.9,26.31578947,21.05263158,15.78947368,15.78947368,21.05263158,31.57894737
NK4.1,4369,632,87,14.13128931,CCN,AGGA,47.36842105,GGAAGTGATTCATCCGTAC,47.28559168,1.111111111,26.31578947,26.31578947,21.05263158,10.52631579,26.31578947,21.05263158
NK4.4,32034,4814,320,13.81295738,NGG,TGGC,42.10526316,CAAGACAAAACCTTAGAGC,45.80640652,1.714285714,47.36842105,10.52631579,5.263157895,21.05263158,15.78947368,26.31578947
GATA.2,2261,347,13,13.73521557,CCN,TGGA,47.36842105,GTAACGGTTGTGCTACAGT,49.54888164,1.111111111,21.05263158,31.57894737,26.31578947,10.52631579,31.57894737,15.78947368
BMP.3,4201,464,156,12.86040241,CCN,CGGG,57.89473684,ATGTGGTTGCTCGGCATCC,54.97338467,0.727272727,10.52631579,31.57894737,31.57894737,10.52631579,31.57894737,26.31578947
HANDR.1,4490,580,48,12.27041813,NGG,TGGT,52.63157895,GCAACCGAAAACCCACACA,53.4771739,1.375,47.36842105,0,10.52631579,31.57894737,10.52631579,42.10526316
TOL.4,2896,248,99,10.69996916,NGG,CGGT,47.36842105,GAATAGACACAGGCGACTT,48.96062584,1.714285714,36.84210526,15.78947368,21.05263158,15.78947368,26.31578947,21.05263158
FGF4.4,7344,663,175,10.24199462,CCN,TGGC,36.84210526,TGTTCATTTAGGCTTACCA,45.51474745,0.583333333,21.05263158,42.10526316,15.78947368,10.52631579,15.78947368,21.05263158
TRPS.3,3598,378,29,10.16229713,NGG,GGGC,47.36842105,ATTGGACCATGACGAGAGA,49.58896335,2.166666667,36.84210526,15.78947368,21.05263158,15.78947368,31.57894737,15.78947368
ETS.1,1578,132,30,9.310344828,CCN,AGGA,47.36842105,ATATCTCGCCCACAAATGG,49.26372274,0.9,31.57894737,21.05263158,5.263157895,31.57894737,15.78947368,31.57894737
HANDR.3,3285,281,36,8.800666297,CCN,TGGT,36.84210526,GAACCCTTGTTTGATAACT,44.41900404,0.727272727,26.31578947,36.84210526,15.78947368,15.78947368,15.78947368,21.05263158
GRO.4,268032,17334,2707,6.95691717,NGG,CGGA,68.42105263,TTCCCTCCTCCTCCGCAGC,57.72577548,0.1875,5.263157895,26.31578947,0,47.36842105,10.52631579,57.89473684
ETS.2,22626,1231,142,5.721071711,NGG,AGGT,42.10526316,ATCTTGATAGGTTGCAGTC,46.26804792,0.9,21.05263158,36.84210526,21.05263158,5.263157895,26.31578947,15.78947368
MRF.4,34320,1603,299,5.25095246,CCN,TGGT,57.89473684,CTTAAGGGCGTCGTACGCT,54.22296505,0.9,15.78947368,26.31578947,26.31578947,15.78947368,31.57894737,26.31578947
HAND.3,7115,343,49,5.221792993,NGG,AGGC,63.15789474,GGGTTCCGCGCCGACTTAA,57.22869695,0.9,15.78947368,21.05263158,31.57894737,26.31578947,31.57894737,31.57894737
COE.2,784,34,7,4.96969697,NGG,CGGT,57.89473684,GCATCCATCCTCTCACTGC,52.28700001,0.357142857,15.78947368,26.31578947,5.263157895,36.84210526,10.52631579,47.36842105
DDR.1,1102,39,5,3.839441536,NGG,WGGT,36.84210526,CTACAGCACAAATAGATAC,42.25670422,1.375,47.36842105,15.78947368,5.263157895,21.05263158,10.52631579,26.31578947
RHO.4,603,21,1,3.52,NGG,TGGT,47.36842105,CCAGAACGTAGAAATCCGA,48.69254675,1.714285714,42.10526316,10.52631579,15.78947368,15.78947368,21.05263158,26.31578947
DDR.3,261,4,5,3.333333333,CCN,TGGT,68.42105263,GAGCGTCCGCAGTTGTCGC,58.931003,0.9,10.52631579,21.05263158,26.31578947,21.05263158,36.84210526,31.57894737
TOL.2,7426,148,32,2.366552722,CCN,TGGC,52.63157895,CGTATTGGTACGGTTGCCT,51.85935821,0.727272727,10.52631579,36.84210526,26.31578947,10.52631579,31.57894737,21.05263158
FGFR.3,1425,31,3,2.330363263,CCN,TGGA,36.84210526,TTGAACTGCACATCTAAAC,45.3506333,0.9,36.84210526,26.31578947,10.52631579,21.05263158,10.52631579,26.31578947
TOL.3,4270,85,12,2.221204488,NGG,AGGG,68.42105263,AGCAAGGGCGGGTCGCAGA,60.8448118,2.8,26.31578947,5.263157895,36.84210526,15.78947368,47.36842105,21.05263158
TRPS.1,0,0,0,1.865188231,NGG,AGGC,42.10526316,AGAGAGGTCCCAATACAAA,46.63715483,2.166666667,47.36842105,10.52631579,21.05263158,15.78947368,21.05263158,21.05263158